iter	Logloss
0	0.3238002975
1	0.1900927447
2	0.1096152474
3	0.06857039512
4	0.05516183583
5	0.04600170264
6	0.03725553296
7	0.02950442706
8	0.0240057159
9	0.02051948276
