iter	Logloss
0	0.2367131563
1	0.1541288515
2	0.0933564068
3	0.063539154
4	0.04459944559
5	0.03764984564
6	0.02650833957
7	0.02135601508
8	0.01757879416
9	0.01504704283
